{
  "theme": "Default",
  "backgrounds": [
    { "color": "0.95686280727386, 0.83529418706894, 0.76470595598221, 1", "texture": "txDetail", "meshNames": ["MESH1", "MESH2"], "label": "Color Palette 1" },
    { "color": "0.85098046064377, 0.52549022436142, 0.47450983524323, 1", "texture": "txDetail", "meshNames": ["MESH3"], "label": "Color Palette 2" },
    { "color": "0.82745105028152, 0.87843143939972, 0.91372555494308, 1", "texture": "txDetail", "meshNames": ["MESH4"], "label": "Color Palette 3" }
  ]
}
